SELIC;BVSP;ABEV3.SA;B3SA3.SA;BBAS3.SA;BBDC3.SA;BBDC4.SA;BBSE3.SA;BEEF3.SA;BRAP4.SA;BRFS3.SA;BRKM5.SA;BRML3.SA;BTOW3.SA;CCRO3.SA;CIEL3.SA;CMIG4.SA;COGN3.SA;CPFE3.SA;CSAN3.SA;CSNA3.SA;CVCB3.SA;CYRE3.SA;ECOR3.SA;EGIE3.SA;ELET3.SA;ELET6.SA;EMBR3.SA;ENBR3.SA;ENGI11.SA;EQTL3.SA;EZTC3.SA;FLRY3.SA;GGBR4.SA;GOAU4.SA;GOLL4.SA;HGTX3.SA;HYPE3.SA;IGTA3.SA;ITSA4.SA;ITUB4.SA;JBSS3.SA;KLBN11.SA;LAME4.SA;LREN3.SA;MGLU3.SA;MRFG3.SA;MRVE3.SA;MULT3.SA;PCAR3.SA;PETR3.SA;PETR4.SA;PRIO3.SA;QUAL3.SA;RADL3.SA;RAIL3.SA;RENT3.SA;SANB11.SA;SBSP3.SA;SULA11.SA;SUZB3.SA;TAEE11.SA;TOTS3.SA;UGPA3.SA;USIM5.SA;VALE3.SA;VIVT3.SA;VVAR3.SA;WEGE3.SA;YDUQ3.SA
-0.0619227212105846;0.059100134;-0.048030443;0.132553907;-0.022382577;0.188885171;0.176956982;0.078913792;-0.038273541;0.213855318;0.065726735;0.062499895;0.133951307;-0.128959274;-0.011736986;-0.084440347;-0.006768409;0.172941191;0.030228423;0.095571404;0.464788769;0.055199849;0.146853234;0.132832028;0.043144219;-0.024054907;-0.027860564;0.050069496;0.050330107;0.013939892;0.058611987;0.085020435;0.116438395;-0.019444433;0.174757241;0.509803912;0;0.127516593;0.085233088;0.025318582;0.01904519;0.055555412;0.030529369;0.067059473;0.014650916;0.392235062;0.02459018;0.158470295;0.135507334;-0.002531693;0.06060607;0.061983579;0.267123271;-0.045218874;0.109209407;0.391534463;0.048336683;0.145594119;0.06050655;-0.111785429;0;0.084531364;-0.02777793;0.086327386;0.058823474;0.215020451;0.095161242;0.814515961;-0.140571627;0.089667112
0.157300288730155;0.169673319;0.06575996;0.320998227;0.475473054;0.293587194;0.269138904;0.232172326;-0.051651075;0.526054688;0.000515781;-0.081960746;0.095839434;0.229437161;0.133881857;0.134780075;0.378194373;0.156107905;0.195808179;0.173457917;0.371153943;0.269143344;0.271951108;0.318584217;0.039093497;0.167253389;0.084953837;-0.208892096;-0.008641003;0.034431598;0.072342588;0.217910482;0.322085763;0.852691205;0.101652918;0.199134221;0;0.120238214;0.151598009;0.201165164;0.22994478;-0.044736774;-0.10000001;0.004962515;0.15932107;0.484763307;0.052799988;0.110374388;0.164435032;-0.26885411;0.446258717;0.61673161;0.951351269;0.131987867;0.150181189;0.266159612;0.29186601;0.13511683;0.060592543;0.059369752;0;0.064687344;-0.135240391;0.111853554;0.101111105;0.282811178;0.13094569;0.075555539;0.07039549;-0.0713167
-0.0953775675195701;0.077035261;0.031382961;0.119218061;0.118361119;0.027804698;0.053569821;0.009421548;-0.056250057;0.377235809;-0.041122629;0.108866876;0.147796677;-0.035211237;0.153243124;0.15219262;-0.153275692;0.114982568;-0.006008842;0.014335803;0.84291719;0.177237442;0.01081303;0.258389224;0.040076229;0.174962221;0.208490655;-0.137526372;0.065222577;0.046428732;0.053037841;0.0232843;0.173356492;0.194189452;0.192622964;-0.119133547;0.026920089;0.076195053;0.073077391;0.059976251;0.054020972;-0.169880679;-0.099224764;-0.036657659;0.009941049;0.09504881;-0.013677835;0.021242657;0.076907269;0.000339892;0.248353509;0.231046779;0.052631596;0.02194759;0.054810332;0.285285378;0.132574404;0.093694762;0.11127897;0.001792007;0.013061935;0.020267177;0.050177386;0.036348063;0.381215646;0.299670009;-0.009379103;0.227522121;0.080424227;0.034551834
0.0484724180459093;-0.100888501;-0.014440402;-0.067893181;-0.249184026;-0.12690379;-0.119032809;-0.091333463;-0.10406809;-0.177095686;-0.071747984;-0.144602695;-0.113112942;-0.277372256;-0.057478398;-0.05223881;-0.134526403;-0.125601424;-0.045806803;0.053049276;-0.502283157;0.126315796;-0.065238567;0.046666604;-0.061925793;0.026957802;-0.024199909;-0.086047503;-0.032550232;0.034812189;0.071932405;0.053904395;0.038831328;-0.286811709;-0.336769812;-0.069672161;0.028367669;-0.054201837;-0.029962733;-0.093072075;-0.11554719;0.158139081;0.048034314;-0.04116969;0.00625666;0.08523236;-0.030816613;-0.152280749;-0.072941494;0.165633298;-0.23285584;-0.214076246;-0.155263137;0.081254207;0.049055073;0.107476528;0.008080647;-0.063577659;-0.030681848;-0.105670738;0;-0.002791677;0.050354592;-0.057580655;-0.332000057;-0.277806074;-0.030319337;-0.124579185;-0.052043006;-0.085088503
0.0469051494736608;0.063026077;-0.00314004;0.130653502;0.051789952;0.110065493;0.113795236;0.031181124;-0.032734894;0.269727414;-0.011823887;-0.093333388;0.112554247;-0.050505104;0.101639298;0.066456518;0.293072463;0.227436772;0.126367453;0.014620796;0.195718657;0.069626077;0.071874837;0.067516004;0.079763295;0.604999937;0.408800103;-0.067064184;0.115479123;0.121371941;0.066885663;0.015228458;0.05973013;0.05745053;0.036269391;0.519823822;0;-0.181052624;0.087644857;0.06550345;0.043914543;0;-0.150413489;0.046188685;0.137312684;0.107592352;-0.106518296;0.09634916;0.10265306;0;0.130648079;0.171641791;-0.146417453;0.220327689;0.106979282;0.033755344;0.037590978;0.046030019;0.136381481;0.044054748;0;0.018567427;0.031061497;0.041904578;0.179640778;0.144163289;0.057342457;0.192307831;-0.039105674;0.561694173
-0.0469051494736608;0.112193607;-0.00646535;0.060555443;0.225261363;0.082135816;0.12712555;0.0722163;0.048034805;0.220338898;0.21847753;-0.026260399;0.094163363;0.382978793;0.114880969;0.085351724;0.248626574;0.061764644;0.109276256;0.02221551;0.41560105;-0.056356363;0.089407081;-0.02028641;0.101801004;0.373053005;0.265190255;-0.152571342;0.055800246;0.22352959;0.141418502;0.112500008;0.135272615;0.315789433;0.36000024;0.486956534;0;0.187059359;0.084132092;0.101449767;0.11609606;0.089999965;0.101815867;0.193638764;0.150695944;0.194806851;0.010676147;0.253466353;0.075316137;0;0.217202409;0.260084998;0.089051079;0.155292804;0.049730252;0.248979544;0.188234732;0.129336912;0.059147186;0.102305367;0;0.348958459;0.07727494;0.041203866;0.903553179;0.137061887;0.055406277;-0.064516122;0.11136132;0.040684027
0.100688602297083;0.010347595;0.020744515;-0.05546575;0.109574432;-0.003182439;0.025367347;-0.005714876;-0.016666731;-0.048148118;-0.008287307;0.300431451;-0.122332812;0.257692323;-0.08916162;-0.08598663;-0.037403691;-0.03724917;0.017951009;0.104845805;-0.223125481;0.039351886;-0.057091696;0.013398221;-0.054205606;0.277935224;0.279174077;-0.033715548;-0.005563182;0.012927515;-0.089321207;-0.067977517;0.240596416;0.17525926;0.363970303;0.233918086;0;-0.049180289;-0.060248789;0.039156436;0.081555444;0.146789118;0.007581444;0.004176109;-0.059794307;0.315220234;-0.100352062;-0.092253142;-0.076935095;0;0.052105672;0.082560958;-0.028150092;0.054883828;-0.099577432;0.176470579;0.000254568;0.112855646;-0.045779193;-0.052786301;0;-0.081970557;-0.080314795;0.026034726;-0.074666627;-0.08432427;0.004774029;-0.00344828;0.085867633;-0.060623091
-0.100688602297083;0.00804822;0.032829473;-0.061418236;-0.012213804;-0.025196863;0.021665564;0.025042792;0.016949219;-0.050583625;0.027298074;0.041476495;-0.003241548;-0.024464882;-0.007034138;-0.024152826;-0.019428729;0.071739041;0.040430132;0.002392476;0.056976742;0.071269309;-0.032166818;0.06850975;-0.012820579;-0.145139839;-0.162456212;-0.020992456;0.005594304;-0.010496223;-0.004943422;-0.082579874;0.003138903;-0.024229284;-0.075471692;-0.014218034;0;0.067816112;0.034843052;-0.028356131;-0.008520687;-0.054400069;0.002353023;0.049920658;-0.042013366;0.264463064;0.021526351;-0.029261447;0.083861878;0;0.027137011;0.056031051;-0.069655219;-0.154320875;0.123148734;-0.122222175;-0.016131248;-0.029982287;0.027220217;-0.006120248;0;-0.09568971;0.012667275;-0.045277312;0.017291036;0.051357724;-0.026506652;0.069961031;0.072992511;0.074185736
-0.0589047034193149;0.112358011;-0.049949534;0.118382035;0.284649542;0.142929075;0.15217895;0.075636041;0.053124997;0.329917799;-0.034707125;0.183351603;0.0390244;-0.016927851;0.024203209;-0.003383604;0.136363735;0.075050796;0.001240005;0.138159473;0.181517835;0.018711052;0.050831304;0.065241759;0.053246578;0.230529688;0.145789699;0.224125673;0.067454947;0.079074354;0.131557753;0.086070982;0.101694573;0.243792672;0.384839774;0.259615452;0;-0.03982788;0.015151591;0.131893969;0.19001672;-0.178510835;-0.034624565;0.026324516;0.103391713;0.208624864;0.090038369;0.035173697;0.01502847;0;0.231175672;0.303611197;0.186063789;0.070907029;0.069100932;0.129746784;0.012648099;0.195454526;0.116263546;0.18730755;0;-0.010962833;-0.046740961;0.017872114;0.277620523;0.239753031;-0.022531293;0.213592263;-0.003393849;0.039303601
-0.00978555042271845;-0.046499807;-0.081414128;-0.112058297;-0.0231836;-0.081114732;-0.109826559;-0.119788484;0.211671628;0.151772185;-0.032771535;-0.027237442;-0.154929604;-0.277423484;-0.130046245;-0.082716172;-0.189743577;-0.086527602;0.018166949;-0.080149108;0.157355895;-0.028979556;-0.132093152;-0.141232332;-0.099794358;0.082278615;0.035831783;-0.033819291;-0.076221624;-0.118409269;-0.078152287;-0.107683067;-0.075502701;0.231401362;0.22947349;-0.310432572;0.02690897;-0.029521803;-0.094527334;-0.087923515;-0.077065186;0.005149175;0.040037128;-0.208697249;-0.16740612;0.124813476;0.144112507;-0.064726455;-0.093839719;0;-0.009120012;-0.095534326;0.038124993;-0.059953028;-0.08989551;-0.109243662;-0.12541409;0.07072229;-0.110979183;-0.025950783;0;-0.079487228;-0.25725223;-0.044656419;-0.07982258;0.270833388;-0.025198982;-0.031999951;-0.115344885;-0.039990018
0.0785287028423214;-0.027121765;-0.030680714;0.006680824;-0.011432374;0.010235211;-0.014298835;0.000353518;-0.008163286;0.001070836;-0.065827714;0.24545466;0.10648143;-0.099735191;0.084976233;-0.061574473;0.017473079;-0.077508583;0.022303342;-0.014677724;-0.127111816;0.002945978;0.100750419;0.043037932;-0.023709811;-0.110721305;-0.086127699;-0.034399462;-0.016366313;-0.058286877;0.041892147;0.061017004;0.022966569;-0.202951945;-0.178082062;-0.147601509;0.028300786;0.006160992;-0.023076932;0.001701747;-0.022140658;0.168032874;0.044195509;0.037851913;0.034733141;0.020864086;0.015360968;-0.053632128;0.021500295;0;-0.082837108;-0.070624982;0.311258252;0.049046265;-0.03863378;-0.034591236;0.009454716;0.048650658;-0.039052104;-0.022400634;0;0.118059053;0.129619937;-0.009406777;-0.012048328;-0.079441221;-0.009523623;-0.008264499;0.002504622;-0.028398317
-0.0290903804996094;0.073787504;0.053031454;0.120605965;0.107511498;0.10361144;0.128329313;-0.013780916;-0.011522647;0.400673309;-0.078549242;-0.049927007;0.227615203;0.17647056;-0.02819555;-0.046464039;0.185473343;0.013503466;0.013480927;0.055570158;0.06451604;0.097046344;0.260954035;0.035194216;0.022857177;-0.086804039;-0.045577545;0.125000031;0.048507325;0.096340171;0.068014794;0.166773196;0.065357579;0.129629473;0.170833291;0.354978438;0;0.069651855;0.117360273;0.120773547;0.100879218;0.043859626;-0.083521375;-0.01444462;0.030638831;0.205518782;-0.022692904;0.166358311;0.051704366;-0.021484772;-0.044273961;0.010087494;0.202938438;0.070649563;0.070436233;0.221498398;0.076849543;0.098924331;0.088919796;0.032775255;0;0.03471551;0.08527413;-0.033454911;0.280487882;0.253115237;0.069077668;-0.097222234;0.026453054;0.006329034
-0.237829700503743;0.030786597;0.037209324;0.028664257;0.06396646;0.015793163;0.022617009;0.055973721;-0.100749354;0.127403938;-0.086369776;-0.006453509;0.017041597;0.02500001;0.166344195;0.029822142;0.169584418;0.011843056;0.008290758;-0.009187958;0.037229324;0.097307644;0.003088828;0.077373963;0.032960895;0.031685107;-0.004451535;-0.003888938;-0.022775634;0.123631427;0.024440578;0.052573881;0.140600274;0.061475273;0.042704646;0.354632465;0;-0.010321202;0.043624157;0.108927473;0.106940461;-0.016806714;-0.036646824;-0.019726621;0.069934822;0.625988034;-0.032507746;0.11912842;0.029461876;0.13913043;-0.014206331;0.010652349;0.446183282;-0.043668012;-0.09312965;0.14399999;0.045595985;0.097413243;0.04880394;0.044653217;0;0.025629187;-0.028747436;-0.011487381;-0.060952397;0.016780647;-0.019376498;0.243076929;0.067246675;-0.0572326
0.198176928583749;-0.025171762;0.022421388;0.01419567;0.023195921;-0.017243731;-0.030563666;0.020265638;-0.096296144;-0.066524579;-0.049482973;-0.017940085;-0.028820523;0.028094322;-0.0022111;0.044151447;-0.034611831;-0.022806363;0.009005286;-0.026065226;-0.239565928;0.012968834;0.019245563;0.005234923;-0.043536981;-0.204281102;-0.10284567;-0.028060075;0.016023249;0.00442481;-0.012264874;0.001560905;-0.001877584;-0.159073295;-0.155290262;-0.016509363;0;0.0705057;0.054662425;-0.052227418;-0.052677292;-0.127350456;-0.022580559;-0.002435188;0.091790996;-0.149007959;-0.086399994;0.032742798;0.031264542;-0.227272753;-0.050751904;-0.045454481;0.240168868;0.047691512;0.001176553;-0.003496472;0.098095297;-0.19528531;-0.008820068;0.006354838;0;0.04270791;0.095109308;0.125517148;-0.099391572;-0.089547754;-0.046950695;-0.099009889;0.034965387;0.058705762
-0.298981627705714;0.006447741;0.001096543;-0.01451511;-0.02724294;0.016141758;0.032412034;0.023630123;0.06357991;-0.070791451;0.030562038;0.075275535;-0.030365649;0.083400749;-0.008219088;0.021547178;-0.139535007;0.12575295;0.008925086;-0.045033408;-0.14928636;0.071280211;-0.003021172;0.044247781;-0.038733372;0.056140336;0.03760782;-0.110937033;-0.037992887;0.002202659;-0.011652892;0.055584482;0.241607654;-0.100091718;-0.070706879;0.203836904;0;0.038336479;0.021509793;0.041053336;0.036496125;0.005876724;0.042904276;0.029336036;0.069413429;-0.617588192;0.264448291;0.110029473;0.021117666;-0.147058799;-0.052145075;-0.0358867;-0.07469671;0.094430762;0.149650717;0.021052555;0.135110221;-0.008318091;-0.067634788;0.005991642;0;0.002614352;0.003421087;-0.0167554;-0.040540362;-0.047115344;0.078466184;0.236263713;0.01724396;0.143022904
0.171318483449624;-0.041160191;0.024644087;-0.02741756;-0.13133434;-0.085352721;-0.093372771;-0.02643026;0.081188182;-0.036775585;0.088715725;-0.029584055;-0.014086424;-0.056053727;-0.063276905;-0.053526967;-0.128072785;-0.022363972;0.01115388;-0.004100337;-0.114838674;-0.026100061;-0.184339098;-0.025423637;-0.005910491;-0.238648983;-0.182290059;0.042317766;-0.005961293;-0.010989089;-0.071142801;-0.074777529;0.080921569;-0.02653068;-0.030434916;-0.223107548;0.051689863;-0.018629302;-0.041302386;-0.095046282;-0.093977519;-0.211684894;0.061185907;-0.133013438;-0.019373104;0.126621257;-0.127423771;-0.169565781;-0.053175965;0.172551825;-0.051532148;-0.072297895;-0.153633849;0.267438846;0.067457336;-0.028636886;-0.034795205;-0.067634364;-0.009224538;0.063132961;0;0.032283293;0.085611972;0.062908316;-0.068075203;-0.010921031;0.020264868;-0.179999953;0.07344606;-0.024677572
-0.145394798439832;0.003013825;-0.012718664;0.072204093;-0.051598484;0.020987955;0.023601604;-0.01546392;0.127289389;0.077405799;-0.095106163;0.032296996;-0.002504124;-0.073634272;0.019300365;0.083718805;0.057591727;0.025517241;0.008368284;-0.04024411;0.046647143;0.079666466;0.025257311;0.125000071;0.022610808;-0.094545425;-0.049246919;-0.052550259;0.063718283;0.061333259;0.014606674;-0.002248483;-0.055839413;0.077568148;0.114349883;-0.032051281;0.028925922;-0.057627249;0.03522012;0.009683064;0.034409922;-0.190830282;-0.028143881;-0.04109922;0.040837284;0.019921106;0.073015877;0.044016352;0.027645138;0;-0.030837008;-0.045524586;0;0.024268357;-0.016166367;0.02004718;0.038404134;-0.017295711;0.091724152;-0.008403522;0;-0.029074997;-0.000663917;0.035671403;0.158690084;0.067353642;-0.038135368;0.0894309;-0.068420821;-0.159286904
0.0136854530852544;0.048012719;0.045876631;0.037468424;0.070895191;0.099946374;0.080474042;-0.041884824;0.007311033;0.120388246;-0.05816333;0.090935769;0.104602555;0.13675213;0.010650947;0.060975777;0.054455538;0.014122397;0.013202566;0.043955858;0.061281318;0.100648608;0.116788111;0.032850176;0.031839598;0.084337324;0.015844008;0.042300029;0.012684995;0.042713755;0.046511559;0.103098555;0.12052252;0.036965008;0.058350021;0.185430408;0;0.006834589;0.114823872;0.0254989;0.015925011;0.179173025;-0.014171226;0.119285947;0.070125866;0.433129854;-0.050295879;0.059905219;0.100430367;-0.00023531;0.045454573;0.074373448;0.016847836;0.14285699;-0.015832159;0.195375793;0.154044212;0.020400159;0.059696747;-0.00847468;0;0.053539036;-0.005305253;-0.045407606;0.12391305;0.079310419;0.042262804;0.457711395;0.076694456;0.39534878
0;0.074560073;0.037075831;0.081526567;0.076824776;0.070261215;0.112980142;0.041261961;-0.066129086;0.164644689;0.151679376;0.021442097;0.030303033;0.390225586;0.022248287;-0.140612972;-0.016432042;0.200196844;0.008562898;0.068975199;0.140420079;0.071528777;0.076797592;0.000935495;0.074618083;0.305185222;0.231553781;0.136968991;0.060542772;0.006138679;0.077954179;0.137895807;0.06238855;0.11364781;0.076045636;0.265921806;0.019433152;0.054305166;0.019073552;0.111564197;0.092533183;0.12597397;0.078656206;0.134018528;0.044368008;0.548184684;0.110591905;-0.058614943;0.01683234;0;0.012318919;0.027087957;0.172902143;0.062500109;0.005072372;-0.00096714;0.147400555;0.104748736;-0.041728692;0.024501407;0;-0.022346643;0.03755203;0.004428764;0.332688663;0.120766942;0.088624152;0.143344693;0.080258291;0.265196065
-0.257714895379298;0.048831792;0.059415863;0.082730424;0.13937737;0.03620177;0.044354158;0.032828246;-0.03281509;-0.103422658;0.07408273;0.113355877;0.034558775;0.143320747;0.014318312;-0.004318239;-0.04773268;0.115748158;0.004798822;-0.061933116;0.105868723;0.071989436;0.047040829;0.066355139;0.004155057;0.121453028;0.10521182;-0.00759;-0.00656165;0.03431557;0.002127022;0.009874394;-0.070347023;-0.068354435;-0.065370996;0.178287773;0.066036954;0.091155527;0.04973244;0.082967724;0.074749082;-0.019607823;0.071845902;0.083283405;0.180832326;0.045210527;-0.092566664;0.020010035;0.007760233;0;0.131710799;0.120879196;0.057416236;0.098112235;0.092974618;0.170377565;-0.027929888;-0.01426542;0.035147728;-0.005005635;0;-0.011111237;0.007725671;0.025323225;0.129172799;-0.091505302;0.047873656;0.170149297;0.045938709;0.20069748
0;0.000188441;-0.006654067;-0.002087641;-0.013180705;-0.018061743;-0.010026051;-0.031435414;0.026785632;-0.004149355;-0.031092582;0.234032499;-0.098791769;0.004257313;0.052018027;0.018198251;-0.000723078;-0.102743121;0.010286441;0.033149169;-0.122788784;0.05494505;-0.072463842;0.069237453;-0.01241376;0.115890657;0.116791528;-0.124091731;-0.048877177;-0.035128593;-0.004081657;-0.044444478;-0.02002034;-0.008152103;-0.034026603;0.037453182;0.026361937;0.062111888;-0.019867441;-0.04986691;-0.029654018;-0.11294111;0.029972561;-0.086753195;-0.043814021;-0.140949512;-0.006182375;-0.080668417;-0.024955794;0;0.101834243;0.096078492;0.223012362;-0.076516989;0.042800007;0.050454892;0.002772821;0.039919541;-0.104567386;0.002236065;0;-0.078651632;0.040895446;0.037046912;0.132390674;0.007216737;0.008600228;-0.030612319;-0.002899333;-0.053565773
-0.0462807525640065;-0.03145018;-0.016268055;-0.024301508;-0.125060288;-0.0727142;-0.058003141;-0.030652735;-0.056521672;0.054583403;-0.130395491;-0.132925812;-0.046529895;-0.190296711;-0.130219935;0.023235367;-0.146183782;0.012964238;-0.236727257;-0.041978566;-0.126927689;0.040972225;-0.048437271;0.005364755;0.007031687;-0.150567005;-0.157063841;-0.001276335;-0.041666634;0.024271665;0.04836065;0.011627869;-0.09175899;0.01476298;-0.003710782;0.013718381;-0.12167244;-0.039474012;-0.002858546;-0.009542115;-0.01819927;0.049071632;-0.047344008;-0.156427036;-0.015951376;-0.10870961;0.065318832;0.055338577;-0.02741107;0;-0.08438577;-0.082886055;0.129140202;-0.123714382;0.125175603;0.025196902;0.038363753;0.010136131;0.097315552;-0.002231076;-0.116024581;0.051884977;-0.070901832;-0.101152357;-0.028376832;0.094704241;-0.101108158;-0.0315789;0.075190021;0.045005197
-0.129030259743731;0.061566464;0.05059528;-0.008157418;0.066015395;0.081722456;0.063257665;0.059895848;-0.018433277;0.173124804;-0.048856577;-0.028740409;0.052936348;0.192553847;0.020214765;0.032221347;0.04090917;0.015452444;-0.078132407;0.158247066;0.138587153;0.084844605;0.085385771;0.022443962;0.00225808;0.032568106;0.062734004;0.283758409;0.02360779;0.07819917;0.026583303;0.119074976;0.128860006;0.117328675;0.142011847;0.03988607;0.009058842;0.09589058;0.026583279;0.060154439;0.035762307;0.240202257;-0.014005489;0.149694989;0.048328141;0.446071245;0.068613179;0.126593283;0.024310909;0.003381663;0.060188211;0.046813902;0.276330224;0.029246371;0.052544311;-0.00384026;0.104763804;0.103114355;0.049846987;0.043040938;0.067389931;0.016048469;-0.01138478;0.068375996;0.063084231;0.157941264;0.07894917;0.081178656;0.056315053;0.070799368
0.0735731841844012;0.111397607;0.031484783;0.144863942;0.247014671;0.227418124;0.204501119;0.09196201;-0.095774721;0.089484772;-0.034153007;0.152554211;0.009426527;0.036585353;-0.029721404;0.142857087;0.091703056;-0.11684779;0.108527148;0.051566262;0.311455839;0.136700939;0.133131569;-0.073983807;0.012109267;0.051189194;0.043612346;0.000999903;-0.020714282;0.117216101;0.068044602;0.029099254;0.017670912;0.163166352;0.188255558;0.240410968;-0.127634764;0.035918057;0.091647564;0.224588961;0.227767694;0.024464928;0.011931667;-0.004176803;0.066781181;0.054099224;-0.069672161;0.00731371;0.023132605;0;0.259609359;0.223602475;0.079462053;-0.013225879;-0.080283194;0.100231316;0.168633374;0.16942095;0.059714587;0.109397369;0.105403922;-0.05576399;0.087322052;0.087200088;0.303296459;0.029557938;0.05703902;0.021437626;-0.017005883;0.067946246
-0.216558880148052;0.0066892;0.005484525;-0.017638014;0.053427369;-0.063142019;-0.048133713;-0.034339388;-0.057113007;0.092042037;-0.153606751;-0.06010938;-0.07159531;0.119529384;-0.189534154;-0.100074162;0.094666756;-0.046153894;0.122144447;-0.006187013;-0.076433284;0.018320336;0.024032102;-0.117647101;0.089315472;0.218396539;0.177712047;0.086913037;-0.029905104;0.081967291;0.022857122;0.091113089;-0.095666618;0.154166937;0.145348991;0.060187748;0.029082734;-0.050082724;-0.081627777;0.038520359;0.004598681;-0.013930475;0.014349497;-0.001181642;-0.088220765;0.076749174;-0.123348041;0.001982276;-0.032257954;0.058947927;0.086854626;0.089340029;-0.17893544;-0.060150339;-0.079237237;-0.002102361;0.00620716;0.025948686;0.034909362;0.051724502;0.052758951;0.017369744;-0.060308233;-0.076036299;0.038785797;0.086851444;-0.032835916;-0.027160497;-0.012237774;-0.032810145
0.123332758062257;-0.001345328;0.094090892;0.041764126;-0.010800561;0.045014842;0.019324971;0.005841881;-0.166299625;-0.078431315;-0.236965245;0.033591827;-0.02347027;0.077763769;-0.015747976;-0.129899155;0.042630718;-0.117008949;0.034898294;-0.042886736;-0.133004736;0.080334819;-0.003259452;-0.129353192;0.000255497;-0.152200157;-0.136200781;-0.008698312;0.000751874;0.067692229;-0.001396585;-0.050596473;0.023591554;-0.065651114;-0.09390872;0.127604102;-0.102608705;0.047508778;-0.005824545;0.052270883;0.018762864;-0.056508406;0.15642438;0.116112819;-0.002789444;0.075345116;-0.005025081;0.070484345;-0.021653927;0;0.009071275;-0.002329613;-0.186206883;-0.225043526;-0.027954268;-0.076544956;0.109678416;0.085395644;-0.070385248;0.035706989;0.533793269;0.059999904;-0.05664642;-0.047109578;-0.113636309;-0.052396697;0.04938279;0.034263919;-0.028521011;0.031563434
-0.0200469319452909;0.008773985;-0.030743633;-0.048459142;-0.105532464;-0.087398849;-0.036777508;-0.061154827;0.083223357;0.170500535;0.08628994;-0.048958218;-0.062661008;0.127145086;-0.039297939;-0.072015364;-0.011682136;0.0301471;-0.017883425;-0.041676644;-0.002272866;-0.042552878;-0.09090924;0.137142761;-0.030046405;-0.091904856;-0.053941856;0.030509443;0.123870644;-0.045245091;0.01075709;-0.106550961;-0.037951197;0.074193454;0.095238187;-0.10300229;-0.065646297;-0.123808706;-0.073519909;-0.01305805;-0.005555966;-0.064171209;0.025603815;0.058916764;-0.046797513;0.102000247;0.333333333;-0.052508278;-0.031450406;0.00358929;0.054366409;0.07286284;0.23118641;0.109373989;-0.080481257;0.129277628;-0.028900626;-0.041230588;0.034410049;-0.007615332;0.236758835;-0.020248244;0.111133353;-0.147630973;0.002544302;0.153044191;0.018270104;-0.003435963;0.022291665;-0.079345397
0;-0.108703478;-0.156022318;-0.139525724;-0.166893723;-0.181995608;-0.15572915;-0.051673841;-0.136585387;-0.12401564;-0.136290293;0.037376036;-0.056776606;-0.122837376;-0.138796064;-0.117187473;-0.03639723;-0.220514286;-0.053327884;0.003369693;-0.123006818;-0.120537964;-0.125080806;-0.17512477;0;-0.232826386;-0.265350871;0.015808474;-0.048236024;-0.090552272;-0.145607898;-0.104975147;-0.05859844;-0.106949946;-0.124695983;-0.305355318;-0.110994769;-0.104761823;-0.119887912;-0.174868957;-0.157173995;0.02605651;-0.004492183;-0.10927032;-0.090158738;0.016022297;-0.001262655;-0.075817867;-0.118006663;0.002948981;-0.097517599;-0.17205221;-0.018447113;-0.217659175;-0.094649589;-0.070033666;-0.113301298;-0.113618457;-0.25625712;-0.094356963;0.049683304;-0.041562157;-0.123437251;-0.172870117;-0.243119291;0.040271278;-0.059183631;-0.198520311;-0.033745811;-0.211598699
0;-0.05199729;-0.078974081;-0.050236112;-0.053831915;-0.064588996;-0.077233875;-0.061396831;-0.114406839;-0.061637289;-0.159663869;0.118061541;-0.058252287;0.061143991;-0.017475713;-0.025368599;-0.048240058;-0.137835425;-0.053711608;-0.093298956;0.020779295;-0.11372549;-0.059024796;-0.06329113;-0.074614754;-0.166780668;-0.191044749;0.079601761;0.049167873;-0.0292067;-0.065964697;-0.103390704;0.076078212;-0.060135209;-0.092510996;-0.227575963;-0.147745581;-0.020922062;-0.018459578;-0.099599524;-0.061096357;0.041433389;-0.066221779;-0.061904901;-0.007548827;0.180504343;0.029077181;-0.106160726;-0.018937712;0;-0.124830988;-0.09430986;-0.018232835;-0.010563117;0.07846385;0.020999272;-0.037799273;-0.132622653;-0.109368923;-0.066394378;0.043387467;-0.028066642;-0.030303462;-0.081000102;-0.112727256;-0.020541273;0.016871453;-0.093846174;-0.054132687;-0.03061639
0.0396998698466846;0.088740156;0.079532811;0.163325326;0.134380574;0.152533524;0.143822428;0.001226489;0.202551806;0.1146084;0.258333312;0.07781725;0.025773077;0.046468411;0.040513923;-0.125260053;0.127397257;0.212446445;0.00369159;0.048038652;0.167938863;-0.024336322;0.053636338;0.054054072;0.092316492;0.416735054;0.422878285;-0.206512797;-0.015861543;0.03623929;0.07872494;0.073775466;0.03516059;0.199137356;0.244336696;0.325335923;0.035087673;0.012499119;0.091439685;0.13507629;0.115933997;-0.030107497;0.030612007;0.088183403;0.051411931;0.033360119;0.007370941;0.097171609;0.056842047;0;0.129763085;0.147178726;0.14585713;0.086132257;0.119879429;0.053191488;0.00084071;0.251740378;0.073422019;0.207330326;-0.009339516;0.080748951;0.083087796;-0.115342705;0.211748644;0.105868165;-0.10455286;0.213921945;0.146896598;0.064397053
0.129030259743731;-0.032087857;-0.028851002;-0.085329822;-0.065219287;-0.098804962;-0.069851783;0.032784151;-0.228116713;-0.046347542;-0.1112583;0.082251877;-0.080402022;-0.061456527;-0.11111126;0.052264863;-0.093560016;-0.08563425;0.016092093;-0.056143277;0.026474194;-0.035147313;-0.056945728;-0.08974365;0.03557469;-0.083960697;-0.061203324;0.018181724;-0.01758247;0.006218448;-0.069387881;-0.073325618;-0.055057716;-0.029853884;0.031434819;-0.188269392;0.1125424;-0.012612614;-0.089720723;-0.059927282;-0.046510054;0.042128445;0.06594217;-0.140020298;-0.084195713;-0.015196767;-0.302439034;-0.015896155;-0.072211277;0;0.008632422;-0.020883679;0.178531377;-0.213965019;0.035503063;-0.041750897;-0.093470101;-0.051535062;-0.02400008;0.040779234;0.061952808;0.018662821;-0.093690391;0.025945293;-0.090191696;0.005935647;-0.026077491;-0.20279724;0.034035656;-0.131406489
-0.272015955707381;0.03474269;-0.027055743;0.083629555;-0.018556855;0.026201044;0.01090013;-0.015522889;-0.139175428;0.19311233;0.091405873;-0.013004613;0.051366278;0.0484482;-0.096153826;-0.153305073;-0.040214511;0.11545977;0.080090467;-0.068678066;0.063781317;0.017861289;-0.017383271;0.008450714;-0.0384824;-0.019595278;0.02872936;0.012266977;-0.046234136;0.019536362;0.008070154;0.046729006;-0.171206303;0.071695879;0.015267188;-0.014272957;0.082876193;0.040875827;0.013381225;0.054830431;0.044373513;-0.002127635;-0.068384165;0.017302617;0.099014091;-0.05957775;-0.073426506;-0.054610004;0.011743447;0;0.097373245;0.095015312;0.174230435;0.045685172;-0.057303187;0.052705553;0.059761211;0.032080895;-0.033196681;0.131911383;0.01627569;-0.004975281;-0.057808523;-0.093271738;0.030978843;0.115628461;0.034507392;-0.112280682;0.033959208;0.108695593
0.142985695963651;0.101862822;-0.10905128;0.134188267;0.451612884;0.175551141;0.197174148;0.098755092;0.095808556;-0.067709689;-0.003186149;-0.107631667;0.320166247;0.245487378;0.345814505;0.077551209;0.540502783;0.001754396;0.053623722;-0.004936807;0.024625352;0.306857444;0.3594041;0.319832394;0.121758738;0.51515146;0.428571309;0.056058877;0.094605156;0.120493889;0.183257973;0.427380953;-0.021126617;-0.054101241;-0.005012514;0.665158308;0.274620309;0.051451236;0.251529697;0.112871369;0.116399163;0.092750574;-0.061337317;0.184625549;0.212903434;0.378072632;0.20943389;0.028470687;0.229289106;-0.051164125;0.251341165;0.309625723;0.072072001;-0.126213609;-0.132679786;0.111481984;0.263736561;0.186568702;0.184824132;-0.046154041;-0.212770481;0.113000065;0;0.185373509;0.235577068;-0.051989232;0.074380081;0.106719361;-0.088607496;-0.074429751
-0.0428199971829284;0.023792094;0.03549567;0.062546971;0.053962549;0.111015247;0.121869475;0.069486481;0.003643061;-0.080439761;0.012328788;0.038926134;0.031406908;0.109275311;0.18413839;-0.278787854;0.152311952;-0.07381954;0.069582495;0.068527183;-0.073145291;0.092756245;-0.024657571;0.021328407;0.107402127;0.039574396;0.064661584;0.041567118;-0.022142811;0.084145592;0.068392424;-0.040867372;0.035971206;-0.039838996;-0.06687317;0.173913089;0.150362204;0.077904614;0.00694812;0.097864717;0.097391344;0.148292709;-0.079551504;0.048404639;0.039895553;-0.02470362;-0.032761317;-0.040344845;0.009130363;0;-0.068828614;-0.074527333;-0.18655457;-0.037499935;-0.010983919;0.047447504;-0.064000664;0.01232253;0.010017792;0.084677545;0.080317193;0.042342666;0.155378191;0.067796689;-0.090467007;-0.068947275;0.109230583;-0.075000015;-0.010000238;0.135739724
0;-0.018066232;-0.072322739;-0.041876561;0.04473006;0.028792872;0.025298521;0.022823527;-0.094373878;-0.002832037;-0.010825429;-0.125507572;0.005551743;0.097988053;-0.137798339;-0.032899318;0.102344879;-0.155238114;0.072490762;-0.029019198;-0.003382277;-0.004048587;0.130025522;0.008602142;-0.025987028;-0.008186598;-0.005296571;-0.005041161;0.077428779;-0.006167767;0.026431738;0.08782599;-0.084259204;-0.042635633;-0.051912615;0.162037034;0.13377272;-0.048206058;0.06312287;-0.018809921;-0.013418449;-0.01529311;-0.045818702;-0.000504145;0.086810513;0.09986056;-0.119354805;0.155927643;0.047393361;0.002975379;-0.09513401;-0.078551639;0.024793364;-0.069985582;-0.077649985;-0.025229388;0.108503446;0.004681545;0.115834259;0.063197043;-0.068721038;0.067889148;-0.063793422;0.125925918;-0.013903586;-0.034090997;-0.028190722;-0.15250965;-0.012785527;-0.040000013
0.0428199971829284;0.108172995;0.138491555;0.173815964;0.115508767;0.189938556;0.171572127;0.12577021;0.222444905;-0.093923563;0.073415439;0.102996939;0.113236454;0.189909481;0.328571568;0.343082047;-0.000721507;0.288613404;0.129982494;0.326658645;0.153846275;0.046093477;0.099547573;0.214285736;0.285147596;0.543541195;0.444799328;-0.107933585;0.197073448;0.125202305;0.182269186;0.106714692;0.13353232;0.056005422;0.073487103;-0.015139485;0.075737173;0.054635733;0.070913488;0.117549751;0.092855796;0.301984476;0.176322392;0.073695055;0.073110737;0.002075149;0.113553092;0.213592317;0.075965186;0.105869775;0.163385767;0.127865976;0.159274185;0.229635432;0.084864335;0.155882331;0.119329501;0.150828495;0.37682545;0.138843527;0.207983208;0.089830273;0.226250136;0.075187953;0.072374205;-0.1078431;0.007507628;0.366742638;0.074116332;0.308922584
-0.0428199971829284;-0.018584307;-0.015990871;0.041944595;-0.01331863;-0.042555572;-0.043562198;-0.099569706;0.045901589;0.024528991;-0.126168271;0.040949247;-0.079724997;-0.032999991;-0.043682837;-0.068153618;0.0397113;-0.040244989;-0.058588757;-0.015544002;0.282352912;-0.087499999;0.005290947;-0.006145799;-0.016487383;-0.011230012;-0.042506059;-0.013443652;0.030375;-0.020522123;-0.068292569;-0.036836412;-0.102334038;-0.032587881;-0.036241718;0.078478988;-0.032371857;-0.155416001;-0.057239008;-0.052020415;-0.065312268;-0.1100066;-0.031109057;-0.05505267;-0.04878912;-0.0313283;-0.095394725;-0.094000003;-0.033038658;-0.005424979;0.010490766;0.057857679;0.312869528;-0.022713043;0.054999956;-0.009669239;0.037538429;-0.060120594;-0.092690843;-0.052959501;0.036086974;-0.029159897;0.095912699;-0.066258786;-0.015290687;0.035164848;0.036779161;-0.236666679;-0.018019591;-0.114147941
-0.100165698780722;-0.001768078;-0.023215334;-0.014724109;-0.023116054;-0.017195281;-0.00718377;-0.028571424;0.101880916;0.106870271;0.101118131;-0.064338277;-0.056295135;-0.126783841;-0.17498245;-0.121957303;-0.034722216;-0.033728352;-0.006842706;-0.024027371;0.242354741;-0.062499971;-0.048538002;-0.152826819;0.037657918;-0.007842154;-0.028483558;-0.033018824;-0.018497019;0.005681069;-0.025934529;0.004874471;0.056306947;0.006698008;-0.002726215;-0.028507136;-0.009937103;-0.037174795;-0.068551229;-0.029959494;-0.022291593;0.185405757;-0.060287523;-0.157710236;0.014203131;-0.003518066;0.087272731;0.029433363;-0.070719254;0.007317628;0.043201536;0.036954809;0.251821443;0.012266044;0.000934589;-0.015930086;-0.040290862;-0.032536526;0.067344355;-0.012842695;-0.023290061;-0.005206283;0.080932415;-0.108328477;0.039337515;0.081316385;0.029450588;-0.078602651;-0.020305773;-0.034482756
0.103285826116966;0.009830739;0.097444971;0.072540608;0.019704238;-0.016636155;-0.005158823;0.065610855;0.194879213;0;0.370860917;0.008232321;-0.021479728;-0.094031283;-0.00425888;-0.190727013;0.060431622;-0.077948327;-0.021653543;0.098944736;-0.064155179;0.037260186;0.092808861;-0.154327474;0.04167656;-0.084971375;-0.045549015;0.064498568;0.034943155;0.03773586;0.026250061;-0.016336543;0.017156839;-0.065389793;-0.043600534;-0.120463281;0.073405472;0.095222789;-0.0019807;-0.005843079;-0.016998509;0.241834264;-0.022954802;-0.062610603;0.076681176;0.11662294;0.224080292;0.037169408;0.024369443;0;-0.038202278;-0.033177981;-0.023809464;0.139280882;0.058805459;-0.054830248;0.094979646;0.035808714;0.146993152;0.04697969;-0.105811338;0.056763207;0.130709859;-0.106383009;-0.133739824;-0.016296891;-0.021045428;-0.028435993;0.032222398;0.040802695
0.0396998698466846;0.007026247;-0.049810533;0.061538312;0.052549046;0.053809927;0.040464379;0.05590937;-0.023809529;-0.019328458;-0.107890453;-0.104646273;0.054105051;-0.179084947;0.172252916;-0.127604131;0.033556332;0.066749029;0.047722878;0.027744203;0.193480302;-0.090643908;-0.019122588;0.166461213;0.043431966;0.052293751;0.029437116;-0.035132314;0.133066638;0.07679422;0.061614192;0.018047203;-0.045783057;-0.014768563;-0.041074995;0.184372201;-0.075562033;0.076210872;0.047668888;0.04030222;0.035043216;0.105841297;-0.052150387;0.026713247;0.033361436;0.024783838;-0.066939923;0.185389626;0.036727853;0;-0.054460516;-0.053972124;-0.058536579;0.171511543;0.004049701;0.069613271;0.051124289;0.015330146;-0.059361752;0.118910285;-0.212374118;0.029030921;-0.111670985;-0.015238058;-0.049826254;-0.021956095;0.033263558;0.146341444;0.025295796;0.08351735
-0.142985695963651;0.04057508;0.019373232;0.029543982;0.043683204;0.02504179;0.020524969;0.08512068;-0.030487934;0.070032452;0.065703958;-0.181159422;0.118657212;0.042038227;0.021690397;0.033976504;0.006097438;0.060928433;-0.01008449;-0.021001258;0.01027784;-0.035257664;0.192660478;0.137420738;-0.061528475;0.024411447;0.009251646;0.024274357;-0.047379032;0.021995079;0.065583325;0.168181871;0.078282788;0.095890314;0.117283967;0.20830241;0.01190889;-0.00761084;0.148749988;0.042037217;0.036444475;-0.029277308;0.051446916;0.02044759;0.072646376;0.077142873;-0.079062953;0.189097725;0.125185128;0.001387555;0.063407737;0.072798555;-0.092112856;0.139950335;0.098655408;0.070764405;0.080014593;-0.005251781;0.069215183;0.074763863;0.024002388;0.023746743;0.113164762;-0.0280464;0.090243912;0.05755099;-0.011927248;0.078723485;0.121260034;-0.015280169
0.272015955707381;0.008369071;0.125209579;0.129200479;-0.087504597;-0.064651414;-0.080766673;0.002161826;0.084276812;-0.037442891;0.131775045;-0.028261441;0.047452922;0.159535422;0.094436289;0.077380952;-0.047811384;0.144940722;0.059152064;0.102491894;-0.010771744;0.021485987;0.212741746;0.094795491;0.110421091;0.117446759;0.099999965;-0.005152003;0.020634961;0.073913078;0.029411771;0.27821004;0.102084374;-0.095394648;-0.08149168;0.256748563;0.075991905;0.015192229;0.046572312;-0.032583701;-0.039315516;0.173421338;-0.018960229;0.102005778;0.006361205;0.249147588;0.054054079;0.036280103;0.022694594;0.010695189;-0.040972689;-0.048522474;0.116043112;-0.004194564;0.09080162;0.057404754;0.073694588;-0.052053711;0.129680544;0.119935951;-0.066362207;0.024300303;0.103024776;-0.010447857;-0.020022464;-0.038788103;0.078815687;0.522682353;0.121690249;0.182758613
-0.208449409374989;-0.006649511;-0.070044605;0.061863099;-0.051608367;-0.025491567;-0.044397228;0.032970143;-0.015081281;-0.100885462;0.141574366;-0.170975407;-0.051207832;0.253319309;0.086956522;0.070441939;0.043847299;-0.195015415;0.005274636;-0.017492185;-0.131276557;0.043247462;0.032377036;0.05263157;-0.068158327;0.166285999;0.18560596;-0.070429764;0.041990654;-0.038179849;0.013439147;0.189041132;0.028718503;-0.058804097;-0.054125687;-0.18965097;0.045307332;0.065937583;-0.043460148;0.012499666;-0.009353545;0.190361443;-0.050040409;0.031954755;0.065107505;0.100864266;0.259426883;-0.028599664;-0.084536758;0.058201068;-0.010959145;-0.014555603;-0.03977277;0.286678702;0.108782009;0.008211693;0.069089892;-0.007934613;-0.031835246;0.153022265;-0.051842196;0.035945856;0.11221087;-0.16471283;-0.097142865;-0.085123483;0.021555657;0.001295366;-0.055415611;-0.082798878
-0.0862749457022045;0.035694863;0.028312035;-0.019083371;-0.011420891;0.031954001;0.03003791;0.072237544;0.153121495;0.110094899;0.001573188;0.152374299;0.068991123;0.028723372;0.061538596;0.036188957;-0.029132918;0.10912699;0.015123389;0.064212824;-0.05925152;0.052383643;-0.045256063;0.13709684;-0.013116907;-0.126034029;-0.105005252;-0.002228463;-0.024875632;0.053544907;0.047196476;-0.073220727;0.100833274;0.022532994;0;-0.027108479;0.051188823;0.042275285;0.033260918;0.074164756;0.032571816;0.106275306;0.021912333;0.065669872;0.00509;0.020667016;0.319760474;-0.104568631;0.11004225;-0.100000015;0.066501589;0.080392263;0.030769259;0.087792974;0.042672304;0.108597266;-0.031382949;0.069395447;-0.040619008;-0.011827189;0.157152738;0.024910927;0.071640662;0.126065679;-0.011392435;0.047838472;-0.027191603;0.024579567;0.078696098;0.146853189
0.0432219392029149;0.023628813;-0.09714306;0.108869959;0.058474362;0.083220312;0.069321416;-0.030259799;0.056179686;0.014258526;-0.070418911;-0.124222889;0.065232515;0.050672199;-0.021548125;-0.05500006;-0.047452897;-0.135062648;0.003952662;0.08627821;-0.108087644;-0.082721552;0.11975054;-0.024822721;0.019598969;-0.01469494;-0.024512051;-0.02121715;-0.03214288;-0.035757285;0.015853953;0.138121623;-0.036714541;0.02051673;0.006399977;0.133126915;-0.093606002;0.031642602;0.007784532;0.040212398;0.034699343;-0.137236923;0.035087698;0.001503117;0.005547785;0.214495478;-0.024500948;-0.002834277;0.017209007;-0.094444461;0.084577152;0.103085259;0.061997699;0.025723383;0.148105494;-0.069387786;-0.050153457;0.043815317;0.101209703;0.023265602;-0.030014921;-0.003472154;0.078628234;0.0205518;-0.070422529;-0.011518286;-0.004919588;-0.063131313;0.052414507;0.087860355
-0.237630383280452;0.009447864;0.038550259;-0.013641984;0.000815867;-0.048200953;-0.050663595;0.014130058;0.421663496;0.068416226;0.030695584;0.010469278;0.014332202;0.109055138;0.045620423;0.033909267;-0.043956049;0.060469083;-0.043307128;0.074580311;0.064406792;-0.216474732;-0.003341867;0.0472727;0.033362743;-0.119230631;-0.123444895;0.026811141;0.048497586;-0.044583298;0.012956437;0.051941676;0.119842814;0.269145016;0.243556717;-0.069398831;0.018748066;-0.029720418;-0.009185839;-0.032093407;-0.039072378;0.006716056;0.119325049;0.114557961;0.020689701;0.008736541;-0.004651181;0.044181192;-0.009928041;0.055214734;-0.040051504;-0.034431507;0.25729731;0.153605057;0.027181785;0.071491277;0.043074782;-0.06276507;0.050897204;0.081114342;0.181372613;0.003911831;0.03885673;0.155802765;0.172176305;0.058898291;0.040449428;0.187331581;0.192941061;0.080509487
-0.0282935086426122;0.071429231;0.061515393;-0.099538906;0.108872339;0.107083673;0.120902019;0.094339707;-0.126530524;0.142613622;-0.038251305;0.066452327;0.159922917;0.115725957;0.104130189;0.073076807;0.07829545;0.115121981;0.125356067;0.120289968;0.123407534;0.101131004;0.147366026;0.131944421;0.122805851;0.085271292;0.064291761;0.096111086;0.111111234;0.182730012;0.104166665;0.197508082;0.071228023;0.176470555;0.189743618;0.080446205;0.065257888;0.080971035;0.114622901;0.063861703;0.067678902;-0.094101086;0.064944608;0.183390357;0.086245399;0.05929373;-0.069158858;0.250203131;0.14453658;0.033488324;0.025641013;0.049663052;0.421324207;0.008152152;-0.010498985;0.068358578;0.107587605;0.115384467;0.05505225;0.149190245;0.029045614;0.105641503;-0.001186711;0.168271396;0.117508833;0.094684993;0.059179468;0.26787736;0.140668936;0.120018882
0.0282935086426122;-0.018997275;-0.043920731;0.131026403;-0.081029853;-0.07938769;-0.090222478;-0.043587275;-0.055087379;-0.033176553;-0.132102313;0.056951385;0.018826144;0.132675728;-0.038988447;-0.152121254;0.084118934;0.016622885;0.076511979;0.14560864;-0.085754749;-0.166666652;0.071067663;0.087730084;0.024606308;0.037566268;0.068776043;-0.080587947;0.029489275;0.030235918;0.046072786;0.071290894;0.019089909;0.002500088;0.026939607;-0.069293459;-0.27085781;-0.003362128;0.007561406;-0.087296141;-0.115006259;0.068992212;0.131422413;0.063886808;0.02242385;0.173332728;0.101405645;-0.03155449;0.052532115;0.063231389;-0.05156254;-0.057322719;0.449788213;0.117520308;0.112683697;-0.111111095;0.131195843;-0.115877992;0.007265479;0.049221289;-0.00025207;0.002253789;0.156467934;-0.008634162;0.012618262;-0.056848028;0.084483653;0.253357198;0.137045592;0.109684204
-0.274888720991871;-0.08429075;-0.185434155;-0.004149404;-0.02592502;-0.127364226;-0.069374775;-0.034713481;-0.025984873;-0.097811429;-0.114893565;-0.147702059;-0.111956495;-0.127106683;-0.104714892;-0.031117437;-0.066220759;-0.131669514;-0.071596579;-0.081932199;-0.133333279;-0.295068506;-0.061949644;-0.109983072;-0.086839578;-0.119581908;-0.122828522;-0.065049633;-0.085906024;-0.043696773;0.034396043;-0.163669051;-0.020431131;-0.155610934;-0.165792233;-0.252554733;-0.091861376;-0.035704235;-0.06153632;-0.049890638;-0.010475999;-0.176939784;-0.075020755;-0.034482751;-0.072236669;-0.094623639;0.100273419;-0.066123657;-0.119953833;-0.132275154;-0.105436591;-0.109314644;-0.177967843;-0.17390263;-0.034777005;-0.089655166;-0.076263272;-0.070095602;-0.036885261;-0.161580394;-0.038568159;-0.056537084;-0.048760925;-0.235068999;-0.151609544;-0.118559736;-0.071987951;-0.013571399;0.098600651;-0.015556822
0.161388347127489;-0.299043889;-0.180192573;-0.245899896;-0.401824226;-0.310305735;-0.319268139;-0.21978026;-0.315834842;-0.126684565;-0.441937883;-0.35961325;-0.38922892;-0.227674999;-0.281690163;-0.351824797;-0.361747909;-0.603567895;-0.243737613;-0.2652727;-0.375670836;-0.568596946;-0.5263158;-0.401140686;-0.181148758;-0.309006654;-0.273919021;-0.437499972;-0.203132574;-0.288537543;-0.286293643;-0.3612903;-0.319892464;-0.405325461;-0.41361907;-0.555859386;-0.339840299;-0.15857808;-0.372867749;-0.268557137;-0.278098992;-0.103964748;-0.160889841;-0.323308239;-0.369094084;-0.228226394;-0.266777083;-0.371985623;-0.374836159;-0.190975627;-0.479189652;-0.447908404;-0.576142129;-0.310948876;-0.149444992;-0.069602328;-0.467800055;-0.305376949;-0.334297853;-0.359605881;-0.061615063;-0.124276611;-0.342627821;-0.343291416;-0.3977968;-0.024599438;0.044374604;-0.617668353;-0.221288917;-0.572750058
-0.198802782977746;0.102519858;-0.048657694;0.070194834;0.021871619;0.027886153;0.01517297;0.068410468;0.54213857;0.02400548;0.284956872;0.22764229;0.006012066;0.526041667;0.077848404;-0.085585596;0.068462554;0.38499999;0.080759202;0.122395918;0.283667633;0.243243218;0.147006315;0.110052908;0.03506464;0.01634534;0.069535144;-0.093291441;0.05683671;0.207142896;0.041477347;0.026207299;0.126482195;0.168159209;0.107526835;0.090589247;0.005376345;0.017138765;0.053439941;0.026225794;-0.013217907;0.199176246;0.098027141;0.382222123;0.156678759;0.296905089;0.450847412;0.2377451;0.094863694;-0.001808817;0.356029941;0.29027697;0.224550888;0.098304997;0.029390419;0.007124748;0.299999927;0;0.059455023;0.326923174;0.101145539;0.069207001;-0.576677215;0.15722269;-0.015306368;0.037945423;-0.059393195;0.738636352;0.189752956;0.394772891
-0.155128675015235;0.085670633;0.100528995;0.185580485;0.082105331;0.014703747;-0.009416695;-0.047834273;0.09216961;0.180508952;0.192882924;0.312204379;-0.022908321;0.25078502;0.190283302;0.007389226;0.134453762;-0.050541468;0.183962944;0.091315777;0.154191172;0.043478219;0.065367809;0.253574824;0.084100286;0.234379964;0.176693254;-0.173410357;0.0394118;0.029804928;0.09383509;0.079443946;0.024122809;0.143952303;0.198058189;-0.029838701;-0.109625683;0.107978091;-0.0100243;-0.015555711;0.012524843;-0.078439632;0.098259408;0.135450202;0.004167619;0.294768663;0.014797475;0.001320153;-0.009573951;-0.040494515;0.117426226;0.126869846;0.514914347;-0.084727708;0.044474199;0.138453747;0.125475333;-0.067407427;0.355289352;-0.00334439;-0.0393301;0.079498358;0.01994756;0.180689713;0.281249969;0.181453319;0.029279857;0.350762441;0.047320838;-0.061614524
-0.135490257109856;0.087559924;0.133012884;0.209440219;0.042477367;0.06616968;0.093396083;0.078718379;-0.01792386;0.035744651;-0.080847341;-0.162941618;0.027522884;0.168413009;-0.013605428;0.129584199;0.020370442;0.256653963;-0.049302321;0.099928163;0.034883781;0.259722213;0.348082432;-0.013688164;-0.007545412;0.108330368;0.050162867;0.131468538;-0.014148302;0.057884609;0.158104918;0.223551082;0.053104939;0.192107237;0.184765017;0.541978358;0.075075086;0.042585805;0.029406702;0.084841594;0.105320248;-0.03732361;0.057259758;0.139115078;0.086137547;0.113442174;-0.032233314;0.186552447;-0.009183224;0.127024514;0.071977015;0.059488704;0.1423499;0.222596956;0.012147854;-0.001775451;0.065349143;0.112787949;0.062223879;0.012940103;-0.028262009;-0.009739193;0.151168566;0.073598029;0.1821138;0.055094324;0.033746294;0.234677491;0.210823218;0.181530971
-0.103184236235231;0.082646019;-0.016973149;0.154646891;0.044478971;0.094333343;0.085030967;0.020535406;0.032699566;0.179129074;-0.02634052;-0.018087859;-0.017857173;0.114619302;0.031724171;0.162337712;0.088929112;0.252647438;0.083235237;0.274675745;0.147003713;0.146637262;0.211810488;0.119506566;0.096935162;0.242415438;0.247585469;-0.059332511;0.065441955;-0.019311958;0.12856917;0.031829489;0.041480241;0.08994371;0.099863154;-0.034501316;0.048519904;0.084684731;0.005997025;0.112617449;0.057204585;0.018439778;0.004352038;0.059664289;-0.016028732;0.131565271;0.142743873;0.063333266;0.031219563;0.000281722;0.02640762;0.030182909;0.118677616;-0.034482724;0.121858621;-0.012005356;0.24468354;0.071020661;0.054592681;0.136376773;0.141614541;0.019669883;0.115766651;0.030467976;0.118294379;0.085658103;0.097281948;0.274983666;0.333298811;0.00713218
-0.170221149859867;-0.034427472;-0.114388427;-0.073139935;-0.014475319;-0.081239237;-0.074967004;-0.022550561;-0.036082415;0.021835155;-0.053623216;-0.066227999;-0.062626253;-0.060593391;-0.108957261;-0.150837942;-0.066173043;-0.311594204;-0.084713372;-0.079092936;0.241632656;-0.120192312;-0.120714775;-0.11019286;-0.059784791;-0.038711434;-0.066580008;-0.035479629;0.007004367;-0.09222778;-0.091265173;-0.056594562;0.019133182;0.093982868;0.093283612;-0.00111672;0.235810857;-0.123754159;-0.017585698;-0.112553985;-0.121796556;0.04178271;0.23976887;-0.053665616;0.056892814;0.160415501;0.235253256;-0.061128594;-0.015137205;-0.105492981;-0.016740135;-0.013964025;0.058095459;0.115714243;-0.131345713;0.017101759;-0.052828024;-0.041673386;-0.215283464;-0.142099084;0.195238113;0.001582331;0.120248053;0.026399154;0.24846242;-0.016965892;-0.077245013;0.050204893;-0.040534388;-0.204780134
0;-0.047962644;0.018683878;-0.051644714;-0.089876974;-0.052240818;-0.063287351;-0.07998479;-0.103132214;0.020459137;-0.061766257;-0.023485203;-0.09698272;-0.197252152;-0.049512326;-0.138157915;-0.033588228;-0.09122807;-0.04105777;-0.179219197;0.084812621;-0.118579244;-0.036084666;-0.083591325;-0.053483523;-0.146155981;-0.130955668;-0.149863809;-0.068485796;-0.060936797;-0.087068982;-0.092687911;0.014559357;0.089575626;0.069396956;-0.045276663;-0.08529258;-0.0578199;-0.067050945;-0.064824546;-0.04397699;-0.078877024;-0.075728185;-0.12023557;-0.086061335;-0.043123854;-0.14325839;-0.10461871;-0.066762724;0.098094784;-0.114247279;-0.104157097;-0.167104323;0.088028266;0.087679835;-0.156637206;0.176974878;-0.021008411;-0.019895304;-0.095761716;-0.092629511;-0.010965674;-0.060984117;-0.00874486;-0.011822649;0.031852357;-0.083094225;-0.153658518;0.017258784;0.017068611
0;-0.006881389;-0.028708057;-0.071986881;0.006076895;0.009288515;0.039651421;-0.024309853;-0.150766521;0.04121186;-0.087051064;0.098605058;-0.026253015;-0.163814236;-0.106288109;-0.142493677;0.014851397;-0.171814652;0.011248236;-0.04888049;0.24484854;-0.238685656;-0.019363125;-0.15625003;-0.011400193;0.024406325;-0.006412336;-0.033653777;-0.023549709;0.008958812;-0.059017941;-0.003972849;0.032854986;0.048557691;0.042553242;-0.081381753;-0.049013731;-0.055459064;-0.024715455;0.032954499;0.044251763;-0.059022705;-0.000420098;-0.181754141;-0.055485575;0.104484301;-0.09704915;0.067589314;-0.02367478;-0.111700564;-0.038947923;-0.034166245;-0.102321575;-0.058537008;0.027327101;-0.037775411;0.070760548;0.139127351;-0.091880327;0.007398292;0.098792537;0.006795409;-0.003690021;-0.149974117;0.086739772;0.024361337;-0.032645614;-0.010951039;0.154185766;-0.163808821
-0.0693611277975021;0.158974796;0.147783168;0.099510334;0.142807681;0.19262875;0.206455076;0.206081043;0.031898902;0.296103664;0.312872454;-0.010507871;0.19975492;-0.064327439;0.168458794;0.053412495;0.232195104;0.093240116;0.124865427;0.193106685;0.144595871;0.484527682;0.187362815;0.204204205;0.061418953;0;0.032591166;0.343283599;0.09117643;0.107271452;0.093326672;0.166666739;-0.028884863;0.041773201;0.054252733;0.499044046;0.093023228;0.150896125;0.205735249;0.163916417;0.21713179;0.190231296;0.05128202;-0.012914263;0.193057385;-0.050751106;0.06608568;0.123442129;0.195044911;0.117836952;0.344736802;0.314677873;0.601851809;0.042098562;0.074397357;0.03380583;0.10777858;0.23925976;0.048000022;0.10161351;0.128871146;0.224070866;-0.009259291;0.2411478;0.252293587;0.288191593;0.054306449;0.034382294;-0.029803593;0.440663191
0.0693611277975021;0.095676291;0.149055664;0.104222272;0.149390956;0.135738853;0.134531429;0.037464976;0.014955218;0.096557672;0.000453937;0.042920323;0.01123592;0.074005667;0.032975484;0.143465015;0.15281081;-0.012793165;0.038277475;-0.023342759;0.354742666;0.128908417;0.145816638;0.111388211;0.05373394;0.18061812;0.15625;0.092592588;0.059299211;0.116818367;0.062872826;0.047619065;0.017319357;0.089451912;0.106396437;0.060374152;-0.01265091;0.075672005;0.027378365;0.120701458;0.110325992;0.022030248;0.06157533;0.146532937;-0.02388373;0.068262897;-0.011580386;0.001056548;0.057773218;0.083754557;0.129158561;0.138152634;0.399043353;0.054567416;-0.030248852;0.014767969;0.02708414;0.154317782;-0.002245224;0.033513024;0.036106211;0.015343079;0.077479282;0.167732408;0.070329675;0.121153807;0.059060747;-0.089577473;0.030012357;-0.003028537
-0.837041360220015;0.010024643;0.024026634;-0.026091375;-0.064432991;-0.028215411;-0.014030561;-0.009449841;-0.04116158;0.121644955;-0.058076254;0.069155753;-0.062626253;0.075254628;-0.027468439;-0.045000017;0.027709029;0.028077778;-0.009523735;0.07539943;0.078806914;-0.035471309;-0.03052916;-0.020942389;0.014792935;-0.07035719;-0.065405356;0.07570622;0.053796269;-0.05065012;0.008635612;-0.081818229;0.046827305;0.06666663;0.047957367;-0.055733812;-0.015725129;0.016058372;-0.081022934;-0.01023017;-0.008065765;0.032121734;0.088135602;-0.067838499;-0.010564976;-0.039679425;-0.03721571;0.071240022;-0.092647694;0.018254431;-0.001386514;-0.007762855;0.058270355;-0.046766107;0.039936101;0.102390818;0.025525775;-0.021171867;-0.04230417;-0.040135634;0.044584909;0.010778347;-0.023328694;-0.044650357;0.028063026;0.069754217;-0.039139778;-0.097772273;0.137575998;0.037059577
